,MLBID,FIRSTNAME,LASTNAME,POS,ACTIVE
3,682928,CJ,Abrams,SS,Y
7,547989,Jose,Abreu,1B,Y
12,554429,Dustin,Ackley,1B,Y
13,660670,Ronald,Acuna,OF,Y
14,542436,Cristhian,Adames,2B,Y
15,642715,Willy,Adames,SS,Y
18,458691,David,Adams,2B,Y
19,572669,Lane,Adams,OF,Y
20,571431,Matt,Adams,DH,Y
23,451192,Jim,Adduci,OF,Y
24,666176,Jo,Adell,OF,Y
26,501303,Ehire,Adrianza,SS,Y
29,542583,Jesus,Aguilar,1B,Y
30,605113,Nick,Ahmed,SS,Y
32,673451,Shogo,Akiyama,OF,Y
35,593643,Hanser,Alberto,2B,Y
37,645277,Ozzie,Albies,2B,Y
40,570489,Arismendy,Alcantara,OF,Y
45,595751,Jorge,Alfaro,C,Y
46,546990,Anthony,Alford,OF,Y
48,664119,Austin,Allen,C,Y
50,656185,Greg,Allen,OF,Y
52,501659,Abraham,Almonte,OF,Y
54,501660,Zoilo,Almonte,OF,Y
55,546991,Albert,Almora,OF,Y
56,624413,Pete,Alonso,1B,Y
57,475174,Yonder,Alonso,1B,Y
59,571437,Aaron,Altherr,OF,Y
60,514888,Jose,Altuve,2B,Y
64,476883,Pedro,Alvarez,DH,Y
66,670541,Yordan,Alvarez,DH,Y
68,506560,Alexi,Amarista,OF,Y
71,457762,Bryan,Anderson,C,Y
72,605119,Brian,Anderson,3B,Y
77,502249,Lars,Anderson,1B,Y
80,641313,Tim,Anderson,SS,Y
82,435180,Robert,Andino,2B,Y
83,607430,John,Andreoli,OF,Y
85,462101,Elvis,Andrus,SS,Y
86,609280,Miguel,Andujar,OF,Y
88,542883,Dean,Anna,SS,Y
92,606157,Aristides,Aquino,OF,Y
94,660620,Jonathan,Arauz,2B,Y
96,516472,Francisco,Arcia,C,Y
97,606115,Orlando,Arcia,SS,Y
98,542455,Oswaldo,Arcia,OF,Y
99,571448,Nolan,Arenado,3B,Y
105,668227,Randy,Arozarena,OF,Y
106,650333,Luis,Arraez,2B,Y
110,624414,Christian,Arroyo,2B,Y
111,600858,Humberto,Arteaga,SS,Y
112,605125,Cody,Asche,DH,Y
114,553902,Willians,Astudillo,C,Y
115,641319,Carlos,Asuaje,2B,Y
119,592122,Tyler,Austin,OF,Y
120,542897,Xavier,Avery,OF,Y
121,488671,Alex,Avila,C,Y
128,668731,Akil,Baddoo,OF,Y
130,664056,Harrison,Bader,OF,Y
131,595879,Javier,Baez,SS,Y
144,542908,Jett,Bandy,C,Y
152,605131,Austin,Barnes,C,Y
153,488681,Brandon,Barnes,OF,Y
154,446381,Darwin,Barney,2B,Y
160,571466,Tucker,Barnhart,C,Y
163,620439,Franklin,Barreto,2B,Y
166,663698,Joey,Bart,C,Y
173,641343,Jake,Bauers,OF,Y
176,622441,Rafael,Bautista,OF,Y
181,607461,Matt,Beaty,1B,Y
186,493596,Gordon,Beckham,2B,Y
187,542921,Tim,Beckham,SS,Y
194,666179,Seth,Beer,1B,Y
200,641355,Cody,Bellinger,OF,Y
201,605137,Josh,Bell,1B,Y
203,474832,Brandon,Belt,1B,Y
206,621532,Anthony,Bemboom,C,Y
207,643217,Andrew,Benintendi,OF,Y
209,501994,Joe,Benson,OF,Y
215,542932,Jon,Berti,2B,Y
222,605141,Mookie,Betts,OF,Y
224,488703,Jeff,Bianchi,SS,Y
226,666182,Bo,Bichette,SS,Y
230,624415,Cavan,Biggio,2B,Y
232,595885,Greg,Bird,1B,Y
233,623323,Braden,Bishop,OF,Y
236,453568,Charlie,Blackmon,OF,Y
248,607468,Alex,Blandino,2B,Y
251,518466,Jabari,Blash,OF,Y
252,668709,J.J.,Bleday,OF,Y
257,593428,Xander,Bogaerts,SS,Y
260,664761,Alec,Bohm,3B,Y
263,466988,Emilio,Bonifacio,OF,Y
264,593528,Jorge,Bonifacio,OF,Y
265,474865,Julio,Borbon,OF,Y
268,623520,David,Bote,2B,Y
270,488721,Peter,Bourjos,OF,Y
271,571506,Justin,Bour,1B,Y
283,656252,Bobby,Bradley,DH,Y
284,598265,Jackie,Bradley Jr.,OF,Y
286,488726,Michael,Brantley,OF,Y
287,542963,Rob,Brantly,C,Y
291,460075,Ryan,Braun,OF,Y
293,608324,Alex,Bregman,3B,Y
298,593993,Jose,Briceno,C,Y
301,458582,Reid,Brignac,3B,Y
302,621446,Lewis,Brinson,OF,Y
303,593647,Socrates,Brito,OF,Y
306,670712,Michael,Brosseau,2B,Y
310,502126,Domonic,Brown,OF,Y
311,518502,Gary,Brown,OF,Y
312,664913,Seth,Brown,DH,Y
313,623143,Trevor,Brown,C,Y
315,542979,Keon,Broxton,OF,Y
317,457803,Jay,Bruce,OF,Y
318,595144,Jaycob,Brugman,OF,Y
319,660644,Vidal,Brujan,2B,Y
320,592178,Kris,Bryant,3B,Y
333,669394,Jake,Burger,3B,Y
340,542993,Billy,Burns,OF,Y
345,460077,Drew,Butera,C,Y
346,456714,Billy,Butler,1B,Y
348,542994,Joey,Butler,OF,Y
350,621439,Byron,Buxton,OF,Y
353,452678,Asdrubal,Cabrera,3B,Y
358,466320,Melky,Cabrera,OF,Y
359,408234,Miguel,Cabrera,DH,Y
362,456715,Lorenzo,Cain,OF,Y
364,594777,Kole,Calhoun,OF,Y
365,641432,Willie,Calhoun,OF,Y
367,622666,Johan,Camargo,2B,Y
368,663662,Daz,Cameron,OF,Y
372,493472,Eric,Campbell,1B,Y
374,669134,Luis,Campusano,DH,Y
375,600869,Jeimer,Candelario,3B,Y
376,592192,Mark,Canha,OF,Y
378,429664,Robinson,Cano,2B,Y
380,444453,Russ,Canzler,3B,Y
384,605170,Victor,Caratini,C,Y
385,502133,Adrian,Cardenas,2B,Y
386,506924,Stephen,Cardullo,OF,Y
389,666185,Dylan,Carlson,OF,Y
396,572761,Matt,Carpenter,3B,Y
401,485567,Ezequiel,Carrera,OF,Y
405,474892,Chris,Carter,1B,Y
406,592200,Curt,Casali,C,Y
411,543008,Alex,Castellanos,OF,Y
412,592206,Nick,Castellanos,OF,Y
417,628329,Rusney,Castillo,OF,Y
418,456078,Welington,Castillo,C,Y
419,605612,Harold,Castro,OF,Y
420,488771,Jason,Castro,C,Y
422,516770,Starlin,Castro,2B,Y
423,650489,Willi,Castro,SS,Y
424,595909,Jake,Cave,OF,Y
426,594555,Garin,Cecchini,3B,Y
427,608325,Gavin,Cecchini,2B,Y
431,518542,Juan,Centeno,C,Y
432,465041,Francisco,Cervelli,C,Y
433,493316,Yoenis,Cespedes,DH,Y
437,518545,Adron,Chambers,OF,Y
439,644374,Yu-Cheng,Chang,SS,Y
441,656305,Matt,Chapman,3B,Y
447,656308,Michael,Chavis,2B,Y
450,455139,Robinson,Chirinos,C,Y
452,502082,Lonnie,Chisenhall,OF,Y
453,665862,Jazz,Chisholm,SS,Y
455,574831,Michael,Choice,OF,Y
456,596847,Ji-Man,Choi,1B,Y
457,425783,Shin-Soo,Choo,OF,Y
461,465674,Pedro,Ciriaco,3B,Y
464,624419,Nick,Ciuffo,C,Y
472,502182,Steve,Clevenger,C,Y
476,605183,Jason,Coats,OF,Y
480,458085,Chris,Coghlan,3B,Y
485,543038,Dusty,Coleman,SS,Y
489,607385,Tyler,Collins,OF,Y
490,641470,Zack,Collins,DH,Y
494,518568,Christian,Colon,2B,Y
495,502125,Tyler,Colvin,OF,Y
496,624424,Michael,Conforto,OF,Y
497,474233,Hank,Conger,C,Y
501,575929,Willson,Contreras,C,Y
502,661388,William,Contreras,C,Y
506,476036,David,Cooper,1B,Y
507,643265,Garrett,Cooper,1B,Y
510,614173,Franchy,Cordero,OF,Y
512,641477,Ryan,Cordell,OF,Y
513,642707,Allen,Cordoba,SS,Y
515,621043,Carlos,Correa,SS,Y
525,592230,Kaleb,Cowart,3B,Y
526,518577,Collin,Cowgill,OF,Y
527,543059,Zack,Cox,3B,Y
528,446359,Zack,Cozart,3B,Y
529,622226,Dylan,Cozens,OF,Y
533,543063,Brandon,Crawford,SS,Y
536,641487,J.P.,Crawford,SS,Y
541,543068,C.J.,Cron,1B,Y
542,630105,Jake,Cronenworth,SS,Y
543,605196,Kevin,Cron,DH,Y
548,443558,Nelson,Cruz,DH,Y
549,665833,Oneil,Cruz,SS,Y
551,488810,Tony,Cruz,C,Y
554,571595,Noel,Cuevas,OF,Y
555,518586,Charlie,Culberson,1B,Y
557,592239,Todd,Cunningham,OF,Y
560,596144,Cheslor,Cuthbert,DH,Y
561,621311,David,Dahl,OF,Y
562,666915,Bobby,Dalbec,1B,Y
565,458668,Jordan,Danks,OF,Y
566,488818,Chase,d'Arnaud,SS,Y
567,518595,Travis,D'Arnaud,C,Y
568,543083,James,Darnell,3B,Y
570,571602,Matt,Davidson,DH,Y
574,448801,Chris,Davis,1B,Y
577,664041,Jaylin,Davis,OF,Y
578,605204,J.D.,Davis,3B,Y
579,641505,Jonathan,Davis,OF,Y
580,501981,Khris,Davis,DH,Y
584,602074,Yonathan,Daza,OF,Y
585,621573,Austin,Dean,OF,Y
587,543094,Jaff,Decker,OF,Y
592,474443,Ivan,De Jesus,SS,Y
594,657557,Paul,DeJong,SS,Y
600,547170,Nick,Delmonico,OF,Y
604,641513,Travis,Demeritte,OF,Y
606,544925,Matt,den Dekker,OF,Y
609,518614,Daniel,Descalso,2B,Y
611,592261,Delino,Deshields Jr.,OF,Y
612,435622,Ian,Desmond,OF,Y
617,646240,Rafael,Devers,3B,Y
619,455088,Blake,Dewitt,3B,Y
621,649557,Aledmys,Diaz,2B,Y
623,553869,Elias,Diaz,C,Y
624,656371,Isan,Diaz,2B,Y
628,650331,Lewin,Diaz,1B,Y
630,650490,Yandy,Diaz,3B,Y
631,666783,Yusniel,Diaz,OF,Y
632,543105,Alex,Dickerson,OF,Y
634,572816,Corey,Dickerson,OF,Y
638,518618,Derek,Dietrich,DH,Y
639,594694,Wilmer,Difo,2B,Y
641,664926,Nick,Dini,C,Y
642,543108,Andy,Dirks,OF,Y
643,641525,Brandon,Dixon,1B,Y
647,518625,Matt,Dominguez,3B,Y
650,518626,Josh,Donaldson,3B,Y
656,669023,Jeter,Downs,SS,Y
659,572821,Brian,Dozier,2B,Y
660,641531,Hunter,Dozier,OF,Y
665,592273,Brandon,Drury,3B,Y
666,643289,Mauricio,Dubon,SS,Y
668,446263,Lucas,Duda,1B,Y
672,622110,Matt,Duffy,3B,Y
673,621453,Steven,Duggar,OF,Y
683,680776,Jarren,Duran,OF,Y
685,594807,Adam,Duvall,OF,Y
686,502481,Jarrod,Dyson,OF,Y
688,594809,Adam,Eaton,OF,Y
691,669242,Tommy,Edman,SS,Y
702,518653,Jake,Elmore,OF,Y
704,429665,Edwin,Encarnacion,DH,Y
705,641553,Adam,Engel,OF,Y
710,640447,Phil,Ervin,OF,Y
711,444876,Alcides,Escobar,SS,Y
712,500871,Eduardo,Escobar,3B,Y
716,457787,Danny,Espinosa,2B,Y
717,669289,Santiago,Espinal,SS,Y
720,642731,Thairo,Estrada,2B,Y
723,595943,Phillip,Evans,3B,Y
724,458701,Luis,Exposito,C,Y
730,571657,Kyle,Farmer,SS,Y
733,456544,Eric,Farris,2B,Y
734,605227,Taylor,Featherston,2B,Y
736,543148,Tim,Federowicz,C,Y
743,628336,Jose Miguel,Fernandez,2B,Y
747,608654,Johnny,Field,OF,Y
756,605233,Derek,Fisher,OF,Y
759,475247,Ryan,Flaherty,3B,Y
761,664058,David,Fletcher,SS,Y
764,570717,Ramon,Flores,OF,Y
765,527038,Wilmer,Flores,2B,Y
766,465753,Pedro,Florimon,OF,Y
768,452095,Tyler,Flowers,C,Y
774,645801,Mike,Ford,1B,Y
775,523253,Logan,Forsythe,2B,Y
777,451594,Dexter,Fowler,OF,Y
778,641583,Dustin,Fowler,OF,Y
779,665650,Lucius,Fox,SS,Y
780,641584,Jake,Fraley,OF,Y
785,464433,Juan,Francisco,3B,Y
786,596748,Maikel,Franco,3B,Y
787,664034,Ty,France,2B,Y
788,677551,Wander,Franco,SS,Y
790,545338,Nick,Franklin,OF,Y
793,624428,Adam,Frazier,2B,Y
794,640449,Clint,Frazier,OF,Y
795,453943,Todd,Frazier,3B,Y
797,518692,Freddie,Freeman,1B,Y
798,502273,Mike,Freeman,DH,Y
800,671289,Tyler,Freeman,SS,Y
802,571679,David,Freitas,C,Y
810,658069,Josh,Fuentes,1B,Y
811,571681,Reymond,Fuentes,OF,Y
820,595956,Cam,Gallagher,C,Y
824,543194,Isaac,Galloway,OF,Y
825,608336,Joey,Gallo,OF,Y
826,520471,Freddy,Galvis,SS,Y
827,592325,Ben,Gamel,OF,Y
828,451143,Mat,Gamel,1B,Y
830,611177,Adonis,Garcia,3B,Y
831,666969,Adolis,Garcia,OF,Y
832,571685,Anthony,Garcia,OF,Y
833,605244,Aramis,Garcia,C,Y
834,541645,Avisail,Garcia,OF,Y
840,594824,Greg,Garcia,2B,Y
843,676480,Jose,Garcia,SS,Y
844,544725,Leury,Garcia,SS,Y
846,671277,Luis,Garcia,2B,Y
848,596825,Robel,Garcia,2B,Y
849,591994,Willy,Garcia,OF,Y
851,458731,Brett,Gardner,OF,Y
853,664247,Kyle,Garlick,OF,Y
854,572863,Dustin,Garneau,C,Y
857,641598,Mitch,Garver,C,Y
859,594828,Evan,Gattis,DH,Y
866,571697,Scooter,Gennett,2B,Y
868,595222,Michael,Gerber,OF,Y
873,543213,Johnny,Giavotella,2B,Y
878,543216,Conor,Gillaspie,3B,Y
879,665926,Andres,Gimenez,SS,Y
882,518725,Caleb,Gindl,OF,Y
891,595963,Tyler,Goeddel,OF,Y
893,572365,Ryan,Goins,DH,Y
894,502671,Paul,Goldschmidt,1B,Y
897,543228,Yan,Gomes,C,Y
898,460576,Carlos,Gomez,OF,Y
906,471865,Carlos,Gonzalez,OF,Y
908,570481,Erik,Gonzalez,SS,Y
910,503556,Marwin,Gonzalez,2B,Y
917,592348,Niko,Goodrum,SS,Y
918,571718,Brian,Goodwin,OF,Y
920,460086,Alex,Gordon,OF,Y
921,543829,Dee,Strange-Gordon,2B,Y
922,624503,Nick,Gordon,SS,Y
924,605253,Terrance,Gore,OF,Y
930,594838,Phil,Gosselin,OF,Y
932,666971,Lourdes,Gurriel,OF,Y
933,493329,Yulieski,Gurriel,1B,Y
936,518735,Yasmani,Grandal,C,Y
937,643335,Zack,Granite,OF,Y
945,502205,Grant,Green,2B,Y
947,682985,Riley,Greene,OF,Y
949,488919,Taylor,Green,3B,Y
953,544369,Didi,Gregorius,SS,Y
954,606988,Grayson,Greiner,C,Y
956,545341,Randal,Grichuk,OF,Y
960,663757,Trent,Grisham,OF,Y
962,543257,Robbie,Grossman,OF,Y
964,648717,Alexander,Guerrero,3B,Y
970,665489,Vladimir,Guerrero Jr.,1B,Y
973,641645,Luis,Guillorme,2B,Y
977,642721,Kelvin,Gutierrez,3B,Y
979,446386,Brandon,Guyer,OF,Y
980,461882,Jesus,Guzman,1B,Y
981,608597,Ronald,Guzman,1B,Y
983,576397,Jedd,Gyorko,3B,Y
984,606992,Eric,Haase,C,Y
988,664059,Sam,Haggerty,OF,Y
997,571740,Billy,Hamilton,OF,Y
1000,641658,Garrett,Hampson,2B,Y
1002,571745,Mitch,Haniger,OF,Y
1007,593700,Alen,Hanson,2B,Y
1009,664023,Ian,Happ,OF,Y
1016,547180,Bryce,Harper,OF,Y
1019,543281,Josh,Harrison,2B,Y
1021,656509,Monte,Harrison,OF,Y
1027,656514,Adam,Haseley,OF,Y
1028,572910,Alexander,Hassan,OF,Y
1031,458704,Reese,Havens,2B,Y
1034,663647,Ke'Bryan,Hayes,3B,Y
1035,669720,Austin,Hays,OF,Y
1036,571757,Jeremy,Hazelbaker,OF,Y
1038,592387,Ryon,Healy,1B,Y
1041,588751,Adeiny,Hechavarria,2B,Y
1042,595978,Austin,Hedges,C,Y
1044,641680,Jonah,Heim,C,Y
1045,595981,Scott,Heineman,OF,Y
1046,623168,Tyler,Heineman,C,Y
1047,502317,Chris,Heisey,OF,Y
1058,628338,Guillermo,Heredia,OF,Y
1059,641684,Michael,Hermosillo,OF,Y
1060,514917,Cesar,Hernandez,2B,Y
1064,571771,Enrique,Hernandez,2B,Y
1066,491676,Gorkys,Hernandez,OF,Y
1070,593523,Marco,Hernandez,2B,Y
1072,606192,Teoscar,Hernandez,OF,Y
1073,599096,Dilson,Herrera,1B,Y
1074,467070,Elian,Herrera,2B,Y
1077,546318,Odubel,Herrera,OF,Y
1078,594011,Rosell,Herrera,OF,Y
1079,543302,Chris,Herrmann,C,Y
1084,518792,Jason,Heyward,OF,Y
1085,543305,Aaron,Hicks,OF,Y
1086,518794,Brandon,Hicks,2B,Y
1087,543308,John,Hicks,C,Y
1089,543309,Kyle,Higashioka,C,Y
1092,656541,Sam,Hilliard,OF,Y
1095,518799,Steven,Hill,C,Y
1100,669374,Keston,Hiura,2B,Y
1102,663538,Nico,Hoerner,SS,Y
1103,543321,L.J.,Hoes,OF,Y
1106,592407,Bryan,Holaday,C,Y
1108,664060,Kyle,Holder,SS,Y
1114,571788,Brock,Holt,3B,Y
1118,656555,Rhys,Hoskins,1B,Y
1119,543333,Eric,Hosmer,1B,Y
1124,664031,Ryan,Howard,SS,Y
1127,592419,Jared,Hoying,OF,Y
1135,669087,Sam,Huff,C,Y
1145,666561,Jae-gyun,Hwang,3B,Y
1146,455104,Chris,Iannetta,C,Y
1149,578428,Jose,Iglesias,SS,Y
1151,542255,Ender,Inciarte,OF,Y
1152,663697,Jonathan,India,3B,Y
1162,656577,Alex,Jackson,OF,Y
1163,656577,Alex,Jackson,OF,Y
1164,457706,Austin,Jackson,OF,Y
1165,571804,Brett,Jackson,OF,Y
1170,474249,Ryan,Jackson,SS,Y
1174,608671,Travis,Jankowski,OF,Y
1175,643376,Danny,Jansen,C,Y
1180,445055,Jon,Jay,OF,Y
1182,680777,Ryan,Jeffers,C,Y
1187,457775,Desmond,Jennings,OF,Y
1190,543362,A.J.,Jimenez,C,Y
1191,650391,Eloy,Jimenez,OF,Y
1193,499864,Luis,Jimenez,3B,Y
1195,656582,Connor,Joe,OF,Y
1199,669288,Daniel,Johnson,OF,Y
1205,608672,Micah,Johnson,OF,Y
1211,430945,Adam,Jones,OF,Y
1215,663330,Jahmai,Jones,OF,Y
1216,571825,James,Jones,OF,Y
1217,592444,JaCoby,Jones,OF,Y
1219,666134,Nolan,Jones,3B,Y
1220,624507,Ryder,Jones,1B,Y
1222,543376,Caleb,Joseph,C,Y
1223,543377,Corban,Joseph,2B,Y
1224,571830,Tommy,Joseph,1B,Y
1225,459964,Matt,Joyce,OF,Y
1226,592450,Aaron,Judge,OF,Y
1227,673962,Josh,Jung,3B,Y
1234,501888,Ryan,Kalish,OF,Y
1235,628356,Jung-Ho,Kang,3B,Y
1245,672284,Jarred,Kelenic,OF,Y
1250,608348,Carson,Kelly,C,Y
1255,571841,Ty,Kelly,2B,Y
1256,461314,Matt,Kemp,DH,Y
1257,643393,Tony,Kemp,2B,Y
1259,435062,Howie,Kendrick,DH,Y
1264,596146,Max,Kepler,OF,Y
1268,666198,Carter,Kieboom,3B,Y
1269,571851,Spencer,Kieboom,C,Y
1270,595281,Kevin,Kiermaier,OF,Y
1274,673490,Ha-Seong,Kim,SS,Y
1275,547957,Hyun-soo,Kim,OF,Y
1277,643396,Isiah,Kiner-Falefa,SS,Y
1278,664068,Scott,Kingery,2B,Y
1285,543401,Jason,Kipnis,2B,Y
1286,666135,Alex,Kirilloff,OF,Y
1287,672386,Alejandro,Kirk,C,Y
1290,623182,Patrick,Kivlehan,OF,Y
1293,595284,Andrew,Knapp,C,Y
1295,668800,Andrew,Knizner,C,Y
1308,518902,Pete,Kozma,3B,Y
1309,596012,Kevin,Kramer,OF,Y
1310,456124,Erik,Kratz,C,Y
1314,605323,Kyle,Kubitza,3B,Y
1320,502285,Tyler,Ladendorf,2B,Y
1322,501571,Juan,Lagares,OF,Y
1324,477186,Brandon,Laird,3B,Y
1326,516809,Junior,Lake,OF,Y
1329,534606,Ryan,LaMarre,OF,Y
1331,571875,Jacob,Lamb,3B,Y
1338,663616,Trevor,Larnach,OF,Y
1340,600303,Tommy,La Stella,2B,Y
1343,657656,Ramon,Laureano,OF,Y
1344,543432,Ryan,Lavarnway,C,Y
1347,543434,Brett,Lawrie,2B,Y
1357,666137,Khalil,Lee,OF,Y
1359,518934,DJ,LeMahieu,2B,Y
1361,506702,Sandy,Leon,C,Y
1366,641786,Kyle,Lewis,OF,Y
1367,668904,Royce,Lewis,SS,Y
1368,642736,Domingo,Leyba,2B,Y
1369,499926,Alex,Liddi,3B,Y
1377,596019,Francisco,Lindor,SS,Y
1379,624407,Tzu-Wei,Lin,SS,Y
1381,542642,Rymer,Liriano,OF,Y
1387,641796,Tim,Locastro,OF,Y
1393,543459,Steve,Lombardozzi,2B,Y
1395,446334,Evan,Longoria,3B,Y
1397,643418,Shed,Long,2B,Y
1398,621005,Tim,Lopes,OF,Y
1403,670032,Nicky,Lopez,2B,Y
1405,607257,Rafael,Lopez,C,Y
1410,518953,David,Lough,OF,Y
1412,664040,Brandon,Lowe,2B,Y
1414,666139,Josh,Lowe,OF,Y
1416,663993,Nate,Lowe,1B,Y
1417,476704,Jed,Lowrie,2B,Y
1420,518960,Jonathan,Lucroy,C,Y
1424,608475,Dawel,Lugo,3B,Y
1426,656669,Jordan,Luplow,OF,Y
1427,544371,Donald,Lutz,OF,Y
1428,518963,Zach,Lutz,3B,Y
1429,666158,Gavin,Lux,2B,Y
1436,553988,Dixon,Machado,SS,Y
1437,592518,Manny,Machado,3B,Y
1439,605353,Vimael,Machin,3B,Y
1440,663611,Nick,Madrigal,2B,Y
1446,543484,Mikie,Mahtook,OF,Y
1448,571912,Luke,Maile,C,Y
1451,670867,Kevin,Maitan,SS,Y
1452,455117,Martin,Maldonado,C,Y
1454,641820,Trey,Mancini,OF,Y
1460,622534,Manuel,Margot,OF,Y
1461,545350,Jake,Marisnick,OF,Y
1462,455976,Nick,Markakis,OF,Y
1464,592530,Jose,Marmolejos,OF,Y
1469,502029,Chris,Marrero,1B,Y
1470,571918,Deven,Marrero,SS,Y
1471,669016,Brandon,Marsh,OF,Y
1474,453974,Lou,Marson,C,Y
1476,527043,Jefry,Marte,1B,Y
1477,606466,Ketel,Marte,2B,Y
1479,516782,Starling,Marte,OF,Y
1481,668885,Austin,Martin,OF,Y
1488,494686,Fernando,Martinez,OF,Y
1489,641829,Jason,Martin,OF,Y
1490,502110,J.D.,Martinez,DH,Y
1491,500874,Jose,Martinez,DH,Y
1492,547982,Leonys,Martin,OF,Y
1493,446208,Luis,Martinez,C,Y
1496,605361,Nick,Martini,OF,Y
1497,621006,Richie,Martin,SS,Y
1498,431145,Russell,Martin,C,Y
1502,518991,Darin,Mastroianni,OF,Y
1503,622761,Jorge,Mateo,OF,Y
1505,425772,Jeff,Mathis,C,Y
1506,621500,Wyatt,Mathisen,3B,Y
1507,665155,Nick,Maton,SS,Y
1518,622194,Bruce,Maxwell,C,Y
1521,457727,Cameron,Maybin,OF,Y
1524,608686,Jack,Mayfield,SS,Y
1525,594576,Jacob,May,OF,Y
1529,608577,Nomar,Mazara,OF,Y
1532,643436,Ryan,McBroom,1B,Y
1534,543510,James,McCann,C,Y
1540,676801,Chas,McCormick,OF,Y
1543,457705,Andrew,McCutchen,OF,Y
1551,573027,Chris,Mcguiness,1B,Y
1552,624512,Reese,McGuire,C,Y
1555,502374,Michael,McKenry,C,Y
1557,641856,Billy,McKinney,OF,Y
1558,656716,Zach,McKinstry,DH,Y
1560,641857,Ryan,McMahon,2B,Y
1561,643446,Jeff,McNeil,2B,Y
1563,640457,Austin,Meadows,OF,Y
1566,523265,Tommy,Medica,OF,Y
1572,448171,Ernesto,Mejia,3B,Y
1573,642336,Francisco,Mejia,C,Y
1575,623180,Seth,Mejias-Brean,1B,Y
1579,664901,Danny,Mendick,2B,Y
1583,640458,Oscar,Mercado,OF,Y
1584,474568,Jordy,Mercer,SS,Y
1585,606213,Yermin,Mercedes,DH,Y
1588,593160,Whit,Merrifield,2B,Y
1590,444859,Melky,Mesa,OF,Y
1591,673516,Victor,Victor Mesa,OF,Y
1592,519023,Devin,Mesoraco,C,Y
1601,543543,Brad,Miller,3B,Y
1606,680911,Owen,Miller,SS,Y
1620,425877,Yadier,Molina,C,Y
1621,660162,Yoan,Moncada,3B,Y
1622,609275,Adalberto,Mondesi,SS,Y
1623,666160,Mickey,Moniak,OF,Y
1625,524968,Jesus,Montero,1B,Y
1632,664238,Dylan,Moore,2B,Y
1635,489138,Tyler,Moore,1B,Y
1639,592567,Colin,Moran,1B,Y
1641,543569,Brent,Morel,3B,Y
1642,519048,Mitch,Moreland,1B,Y
1648,621559,Max,Moroff,2B,Y
1651,489149,Logan,Morrison,DH,Y
1660,600301,Taylor,Motter,SS,Y
1661,663624,Ryan,Mountcastle,OF,Y
1662,519058,Mike,Moustakas,2B,Y
1664,570615,Steven,Moya,OF,Y
1668,656775,Cedric,Mullins,OF,Y
1669,571970,Max,Muncy,2B,Y
1671,622168,Yairo,Munoz,OF,Y
1673,502517,Daniel,Murphy,1B,Y
1674,571974,John Ryan,Murphy,C,Y
1675,669221,Sean,Murphy,C,Y
1676,608596,Tom,Murphy,C,Y
1680,571976,Wil,Myers,OF,Y
1684,571980,Tyler,Naquin,OF,Y
1685,553882,Omar,Narvaez,C,Y
1690,519068,Efren,Navarro,1B,Y
1691,647304,Josh,Naylor,OF,Y
1692,489166,Thomas,Neal,OF,Y
1693,502117,Kristopher,Negron,OF,Y
1695,455126,Chris,Nelson,3B,Y
1699,641914,Sheldon,Neuse,2B,Y
1703,621028,Kevin,Newman,SS,Y
1704,547912,Gift,Ngoepe,2B,Y
1708,621512,Tomas,Nido,C,Y
1713,607043,Brandon,Nimmo,OF,Y
1720,543592,Austin,Nola,C,Y
1723,669738,Jake,Noll,1B,Y
1727,519083,Derek,Norris,C,Y
1728,641924,Jacob,Nottingham,C,Y
1730,624513,Dom,Nunez,C,Y
1731,456488,Eduardo,Nunez,OF,Y
1732,600524,Renato,Nunez,1B,Y
1737,598284,Peter,O'Brien,OF,Y
1740,596059,Rougned,Odor,2B,Y
1743,657434,Brian,O'Grady,1B,Y
1745,656811,Ryan,O'Hearn,1B,Y
1747,660271,Shohei,Ohtani,DH,Y
1750,658668,Edward,Olivares,OF,Y
1751,666931,Jared,Oliva,OF,Y
1753,493343,Hector,Olivera,OF,Y
1756,621566,Matt,Olson,1B,Y
1758,592609,Mike,Olt,3B,Y
1759,502523,Shawn,O'Malley,SS,Y
1761,641933,Tyler,O'Neill,OF,Y
1763,449181,Paulo,Orlando,OF,Y
1765,542364,Rafael,Ortega,OF,Y
1769,591741,Jose,Osuna,OF,Y
1781,572008,Chris,Owings,2B,Y
1783,542303,Marcell,Ozuna,OF,Y
1784,665506,Cristian,Pache,OF,Y
1785,457574,Jordan,Pacheco,3B,Y
1790,594953,Daniel,Palka,OF,Y
1792,605412,Joe,Panik,SS,Y
1796,670623,Isaac,Paredes,3B,Y
1797,517370,Jimmy,Paredes,OF,Y
1798,666560,Byung-ho,Park,1B,Y
1801,592620,Jarrett,Parker,OF,Y
1802,592621,Kyle,Parker,OF,Y
1803,476633,Chris,Parmelee,1B,Y
1805,467827,Gerardo,Parra,OF,Y
1808,543629,Tyler,Pastornicky,2B,Y
1814,609267,Dorssys,Paulino,SS,Y
1817,572019,Ben,Paulsen,1B,Y
1818,449082,Xavier,Paul,OF,Y
1821,592622,Mark,Payton,OF,Y
1827,592626,Joc,Pederson,OF,Y
1829,451713,Carlos,Peguero,OF,Y
1830,501317,Francisco,Peguero,OF,Y
1835,506747,Francisco,Pena,C,Y
1836,455369,Ramiro,Pena,2B,Y
1837,452254,Hunter,Pence,OF,Y
1840,444482,David,Peralta,OF,Y
1846,606299,Jose,Peraza,2B,Y
1849,542208,Carlos,Perez,C,Y
1852,666206,Delvin,Perez,SS,Y
1853,516811,Eury,Perez,OF,Y
1855,541650,Hernan,Perez,1B,Y
1859,605421,Michael,Perez,C,Y
1861,547379,Roberto,Perez,C,Y
1862,521692,Salvador,Perez,C,Y
1864,573088,Cam,Perkins,OF,Y
1867,519128,Bryan,Petersen,OF,Y
1870,592637,D.J.,Peterson,3B,Y
1871,640460,Dustin,Peterson,OF,Y
1872,607054,Jace,Peterson,OF,Y
1873,451089,Shane,Peterson,OF,Y
1879,502054,Tommy,Pham,OF,Y
1880,572033,Josh,Phegley,DH,Y
1881,543647,Cord,Phelps,2B,Y
1884,621433,Brett,Phillips,OF,Y
1885,464426,Denis,Phipps,OF,Y
1889,607680,Kevin,Pillar,OF,Y
1891,444489,Manny,Pina,C,Y
1892,640461,Chad,Pinder,2B,Y
1895,500887,Josmil,Pinto,C,Y
1897,517369,Jose,Pirela,OF,Y
1898,572039,Stephen,Piscotty,OF,Y
1900,608700,Kevin,Plawecki,C,Y
1902,461858,Trevor,Plouffe,3B,Y
1906,570256,Gregory,Polanco,OF,Y
1907,593871,Jorge,Polanco,SS,Y
1909,572041,A.J.,Pollock,OF,Y
1912,592647,Dalton,Pompey,DH,Y
1916,457763,Buster,Posey,C,Y
1919,621471,Boog,Powell,OF,Y
1921,502100,Alex,Presley,OF,Y
1925,572389,Josh,Prince,OF,Y
1926,595777,Jurickson,Profar,2B,Y
1929,527049,Cesar,Puello,OF,Y
1930,624577,Yasiel,Puig,OF,Y
1931,405395,Albert,Pujols,1B,Y
1940,596451,Roman,Quinn,OF,Y
1946,663728,Cal,Raleigh,C,Y
1952,623912,Harold,Ramirez,OF,Y
1954,608070,Jose,Ramirez,3B,Y
1966,671218,Heliot,Ramos,OF,Y
1967,467092,Wilson,Ramos,C,Y
1973,592660,Rangel,Ravelo,DH,Y
1976,641999,Corey,Ray,OF,Y
1979,592663,J.T.,Realmuto,C,Y
1981,502210,Josh,Reddick,OF,Y
1984,607223,A.J.,Reed,DH,Y
1986,605439,Michael,Reed,OF,Y
1987,608701,Robert,Refsnyder,DH,Y
1990,543685,Anthony,Rendon,3B,Y
1991,592669,Hunter,Renfroe,OF,Y
1992,650859,Luis,Rengifo,2B,Y
1994,519184,Ben,Revere,OF,Y
1996,614177,Franmil,Reyes,DH,Y
1998,655997,Jomar,Reyes,3B,Y
1999,622569,Pablo,Reyes,OF,Y
2000,622682,Victor,Reyes,OF,Y
2001,668804,Bryan,Reynolds,OF,Y
2004,608703,Matt,Reynolds,3B,Y
2011,572073,Joey,Rickard,OF,Y
2012,595375,J.T.,Riddle,3B,Y
2014,663586,Austin,Riley,3B,Y
2016,621458,Edwin,Rios,3B,Y
2020,425784,Rene,Rivera,DH,Y
2021,608061,T.J.,Rivera,3B,Y
2022,592680,Yadiel,Rivera,SS,Y
2023,519203,Anthony,Rizzo,1B,Y
2027,543706,Daniel,Robertson,OF,Y
2028,621002,Daniel,Robertson,SS,Y
2029,673357,Luis,Robert,OF,Y
2032,519208,Clint,Robinson,1B,Y
2033,592685,Drew,Robinson,OF,Y
2034,677565,Kristian,Robinson,OF,Y
2036,477054,Trayvon,Robinson,OF,Y
2038,645302,Victor,Robles,OF,Y
2039,663898,Brendan,Rodgers,2B,Y
2050,514719,Henry,Rodriguez,2B,Y
2054,677594,Julio,Rodriguez,OF,Y
2055,500135,Ronny,Rodrigues,SS,Y
2056,446481,Sean,Rodriguez,2B,Y
2061,595386,Jason,Rogers,1B,Y
2062,668670,Jake,Rogers,C,Y
2067,668942,Josh,Rojas,2B,Y
2068,500743,Miguel,Rojas,SS,Y
2076,552662,Stefen,Romero,OF,Y
2077,461865,Andrew,Romine,SS,Y
2078,519222,Austin,Romine,C,Y
2082,602922,Jose,Rondon,2B,Y
2083,667670,Brent,Rooker,OF,Y
2086,642708,Amed,Rosario,SS,Y
2087,592696,Eddie,Rosario,OF,Y
2088,501647,Wilin,Rosario,1B,Y
2098,607387,Ryan,Rua,OF,Y
2099,573131,Darin,Ruf,OF,Y
2103,660688,Keibert,Ruiz,C,Y
2104,547004,Rio,Ruiz,3B,Y
2106,519237,Cameron,Rupp,C,Y
2108,608365,Addison,Russell,SS,Y
2110,666164,Blake,Rutherford,OF,Y
2111,592710,Josh,Rutledge,3B,Y
2112,668939,Adley,Rutschman,C,Y
2121,573135,Tyler,Saladino,SS,Y
2131,506703,Adrian,Sanchez,3B,Y
2133,570560,Yolmer,Sanchez,3B,Y
2137,596142,Gary,Sanchez,C,Y
2138,516949,Hector,Sanchez,C,Y
2139,660821,Jesus,Sanchez,OF,Y
2143,467055,Pablo,Sandoval,1B,Y
2145,543742,Jerry,Sands,DH,Y
2146,593934,Miguel,Sano,1B,Y
2147,623993,Anthony,Santander,OF,Y
2148,467793,Carlos,Santana,1B,Y
2149,542454,Danny,Santana,1B,Y
2151,570267,Domingo,Santana,OF,Y
2159,543743,Dave,Sappelt,OF,Y
2160,596143,Luis,Sardinas,2B,Y
2161,543744,Josh,Satin,1B,Y
2163,459431,Michael,Saunders,OF,Y
2167,502582,Logan,Schafer,OF,Y
2168,594988,Scott,Schebler,DH,Y
2172,572114,Ryan,Schimpf,3B,Y
2174,570731,Jonathan,Schoop,2B,Y
2175,621011,Max,Schrock,DH,Y
2177,656941,Kyle,Schwarber,OF,Y
2185,608369,Corey,Seager,SS,Y
2186,572122,Kyle,Seager,3B,Y
2187,516416,Jean,Segura,2B,Y
2188,543760,Marcus,Semien,SS,Y
2190,669222,Nick,Senzel,OF,Y
2192,600474,Pedro,Severino,C,Y
2196,572128,Richie,Shaffer,1B,Y
2199,622046,Chris,Shaw,1B,Y
2200,543768,Travis,Shaw,3B,Y
2210,543776,J.B.,Shuck,OF,Y
2212,642423,Magneuris,Sierra,OF,Y
2213,501213,Moises,Sierra,OF,Y
2216,592743,Andrelton,Simmons,SS,Y
2221,572138,Jonathan,Singleton,1B,Y
2223,642082,Chance,Sisco,C,Y
2225,502003,Scott,Sizemore,3B,Y
2227,543788,Kyle,Skipworth,C,Y
2229,605474,Matt,Skole,DH,Y
2231,596103,Austin,Slater,OF,Y
2238,642086,Dominic,Smith,OF,Y
2239,596105,Dwight,Smith Jr.,OF,Y
2242,607345,Kevan,Smith,C,Y
2243,605480,Mallex,Smith,OF,Y
2244,656976,Pavin,Smith,1B,Y
2248,669257,Will,Smith,C,Y
2249,475253,Justin,Smoak,1B,Y
2251,519295,Jake,Smolinski,OF,Y
2256,501983,Travis,Snider,OF,Y
2257,474319,Brandon,Snyder,3B,Y
2259,519299,Eric,Sogard,SS,Y
2260,669256,Nick,Solak,2B,Y
2261,456781,Donovan,Solano,2B,Y
2262,500208,Yangervis,Solarte,2B,Y
2263,624585,Jorge,Soler,OF,Y
2264,455378,Ali,Solis,C,Y
2270,624641,Edmundo,Sosa,SS,Y
2273,665742,Juan,Soto,OF,Y
2274,519306,Steven,Souza,OF,Y
2276,605486,Cory,Spangenberg,2B,Y
2279,543807,George,Springer,OF,Y
2281,607732,Jacob,Stallings,C,Y
2282,608715,Eric,Stamets,SS,Y
2285,519317,Giancarlo,Stanton,DH,Y
2286,605490,Bubba,Starling,OF,Y
2287,595426,Brock,Stassi,1B,Y
2288,545358,Max,Stassi,C,Y
2294,663886,Tyler,Stephenson,C,Y
2295,664057,Andrew,Stevenson,OF,Y
2298,621514,Christin,Stewart,OF,Y
2299,621466,D.J.,Stewart,OF,Y
2300,456655,Ian,Stewart,3B,Y
2306,596115,Trevor,Story,SS,Y
2311,664702,Myles,Straw,OF,Y
2319,596117,Garrett,Stubbs,C,Y
2323,553993,Eugenio,Suarez,3B,Y
2326,491696,Jesus,Sucre,C,Y
2329,572180,Andrew,Susac,C,Y
2332,435559,Kurt,Suzuki,C,Y
2333,621020,Dansby,Swanson,SS,Y
2336,572182,Darnell,Sweeney,OF,Y
2337,435220,Ryan,Sweeney,OF,Y
2338,596119,Blake,Swihart,OF,Y
2343,519333,Matt,Szczur,OF,Y
2344,467798,Jose,Tabata,OF,Y
2349,606132,Raimel,Tapia,OF,Y
2353,665487,Fernando,Tatis Jr.,SS,Y
2354,643565,Mike,Tauchman,OF,Y
2355,665750,Leody,Taveras,OF,Y
2358,607333,Beau,Taylor,C,Y
2359,621035,Chris,Taylor,SS,Y
2361,572191,Michael,Taylor,OF,Y
2362,621438,Tyrone,Taylor,OF,Y
2369,514913,Ruben,Tejada,2B,Y
2370,660731,Anderson,Tejeda,SS,Y
2371,493574,Blake,Tekotte,OF,Y
2372,542513,Tomas,Telis,1B,Y
2373,642133,Rowdy,Tellez,1B,Y
2376,642136,Matt,Thaiss,1B,Y
2377,519346,Eric,Thames,1B,Y
2382,489365,Josh,Thole,C,Y
2384,657041,Lane,Thomas,OF,Y
2388,572204,Trayce,Thompson,OF,Y
2394,605508,Charlie,Tilson,OF,Y
2396,624636,Carlos,Tocci,OF,Y
2397,592808,Andrew,Toles,OF,Y
2400,630111,Yasmany,Tomas,DH,Y
2401,664789,Ka'ai,Tom,OF,Y
2403,605509,Kelby,Tomlinson,2B,Y
2404,679529,Spencer,Torkelson,1B,Y
2405,647351,Abraham,Toro,3B,Y
2409,650402,Gleyber,Torres,SS,Y
2411,620443,Luis,Torrens,C,Y
2412,591720,Ronald,Torreyes,SS,Y
2415,541600,Wilfredo,Tovar,SS,Y
2417,666211,Taylor,Trammell,OF,Y
2418,581527,Devon,Travis,2B,Y
2419,607752,Sam,Travis,1B,Y
2421,624431,Jose,Trevino,C,Y
2423,508892,Carlos,Triunfel,SS,Y
2425,644433,Chadwick,Tromp,C,Y
2427,545361,Mike,Trout,OF,Y
2428,444432,Mark,Trumbo,DH,Y
2429,660294,Yoshitomo,Tsutsugo,3B,Y
2430,657061,Cole,Tucker,OF,Y
2431,663656,Kyle,Tucker,OF,Y
2432,605512,Preston,Tucker,OF,Y
2437,457759,Justin,Turner,3B,Y
2438,607208,Trea,Turner,SS,Y
2441,425834,Melvin,Upton,OF,Y
2442,457708,Justin,Upton,OF,Y
2444,620446,Richard,Urena,SS,Y
2446,649966,Luis,Urias,SS,Y
2449,625329,Henry,Urrutia,OF,Y
2450,570482,Giovanny,Urshela,3B,Y
2452,642162,Pat,Valaika,SS,Y
2453,472528,Luis,Valbuena,3B,Y
2457,518170,Jordany,Valdespin,2B,Y
2462,591971,Breyvic,Valera,2B,Y
2465,642165,Josh,VanMeter,2B,Y
2466,475100,Scott,Van Slyke,OF,Y
2468,545121,Ildemaro,Vargas,2B,Y
2470,573627,Kennys,Vargas,1B,Y
2471,662139,Daulton,Varsho,C,Y
2474,683734,Andrew,Vaughn,1B,Y
2475,543877,Christian,Vazquez,C,Y
2478,623205,Andrew,Velazquez,SS,Y
2484,657077,Alex,Verdugo,OF,Y
2488,493364,Dayan,Viciedo,OF,Y
2493,570799,Christian,Villanueva,3B,Y
2494,542340,Jonathan,Villar,SS,Y
2495,650619,Meibrys,Viloria,C,Y
2497,519388,Josh,Vitters,3B,Y
2500,596129,Dan,Vogelbach,DH,Y
2502,519390,Stephen,Vogt,C,Y
2503,572228,Luke,Voit,1B,Y
2507,458015,Joey,Votto,1B,Y
2511,664774,LaMonte,Wade,OF,Y
2512,642180,Tyler,Wade,SS,Y
2520,572233,Christian,Walker,1B,Y
2521,435522,Neil,Walker,2B,Y
2523,477165,Brett,Wallace,3B,Y
2524,595453,Chad,Wallach,C,Y
2525,657088,Forrest,Wall,2B,Y
2527,670764,Taylor,Walls,SS,Y
2528,595023,Colin,Walsh,3B,Y
2529,665120,Jared,Walsh,1B,Y
2531,595025,Zach,Walters,1B,Y
2534,608380,Drew,Ward,3B,Y
2535,621493,Taylor,Ward,OF,Y
2537,671221,Drew,Waters,OF,Y
2550,457789,Jemile,Weeks,2B,Y
2553,666213,Colton,Welker,3B,Y
2558,621563,Joey,Wendle,SS,Y
2561,572253,Ryan,Wheeler,3B,Y
2564,657108,Evan,White,1B,Y
2565,643603,Tyler,White,1B,Y
2573,446308,Matt,Wieters,C,Y
2577,592859,Steve,Wilkerson,OF,Y
2582,642211,Justin,Williams,OF,Y
2583,592863,Mason,Williams,OF,Y
2584,607776,Mac,Williamson,OF,Y
2585,608384,Nick,Williams,OF,Y
2595,608385,Jesse,Winker,OF,Y
2597,621550,Patrick,Wisdom,DH,Y
2600,677951,Bobby,Witt Jr.,SS,Y
2604,547172,Tony,Wolters,C,Y
2605,543939,Kolten,Wong,2B,Y
2608,457420,Brandon,Wood,3B,Y
2616,519445,Danny,Worth,2B,Y
2623,642851,Austin,Wynns,C,Y
2628,573262,Mike,Yastrzemski,OF,Y
2630,592885,Christian,Yelich,OF,Y
2637,430321,Delmon,Young,OF,Y
2638,458913,Eric,Young Jr.,OF,Y
2641,657145,Mark,Zagunis,OF,Y
2644,605548,Bradley,Zimmer,OF,Y
2648,475582,Ryan,Zimmerman,1B,Y
2652,572287,Mike,Zunino,C,Y
2655,628450,Yadiel,Hernandez,OF,Y
2656,596056,John,Nogowski,1B,Y
2657,650559,Bryan,De La Cruz,OF,Y
2658,628451,Andy,Ibanez,2B,Y
2659,656847,DJ,Peters,OF,Y
2660,656403,Drew,Ellis,3B,Y
2661,656413,Stuart,Fairchild,OF,Y
2662,602104,Ramon,Urias,SS,Y
2663,664874,Seby,Zavala,C,Y
2664,660634,Yonny,Hernandez,3B,Y
2666,676694,Jake,Meyers,OF,Y
2667,663799,Curtis,Terry,1B,Y
2668,660829,Hoy,Park,SS,Y
2669,666801,Rodolfo,Castro,2B,Y
2671,613564,Jason,Vosler,3B,Y
2677,656537,Derek,Hill,OF,Y
2678,657757,Gavin,Sheets,1B,Y
2679,642201,Eli,White,OF,Y
2681,643524,Frank,Schwindel,1B,Y
